time,open,high,low,close,Volume
2020-10-06,105.74,105.78,105.47,105.6,216186.0
2020-10-07,105.6,106.11,105.6,105.95,191983.0
2020-10-08,105.95,106.11,105.92,106.02,164610.0
2020-10-09,106.02,106.04,105.58,105.59,182667.0
2020-10-12,105.72,105.8,105.24,105.33,181298.0
2020-10-13,105.33,105.63,105.26,105.47,197466.0
2020-10-14,105.47,105.52,105.04,105.16,165565.0
2020-10-15,105.16,105.49,105.05,105.42,191677.0
2020-10-16,105.42,105.44,105.19,105.38,194805.0
2020-10-19,105.37,105.5,105.3,105.43,172613.0
2020-10-20,105.43,105.75,105.32,105.49,184512.0
2020-10-21,105.49,105.53,104.34,104.59,192971.0
2020-10-22,104.59,104.92,104.48,104.83,143351.0
2020-10-23,104.83,104.94,104.55,104.68,146552.0
2020-10-26,104.66,105.06,104.65,104.83,161687.0
2020-10-27,104.83,104.89,104.39,104.41,135467.0
2020-10-28,104.41,104.56,104.11,104.32,179975.0
2020-10-29,104.32,104.73,104.03,104.57,199557.0
2020-10-30,104.57,104.74,104.12,104.65,231977.0
2020-11-02,104.5,104.95,104.49,104.67,181637.0
2020-11-03,104.67,104.8,104.42,104.42,256842.0
2020-11-04,104.42,105.35,104.15,104.49,480587.0
2020-11-05,104.49,104.54,103.44,103.45,308264.0
2020-11-06,103.45,103.76,103.18,103.34,332082.0
2020-11-09,103.31,105.65,103.19,105.36,405467.0
2020-11-10,105.36,105.49,104.82,105.26,297558.0
2020-11-11,105.26,105.68,105.01,105.43,203918.0
2020-11-12,105.43,105.48,105.07,105.13,201159.0
2020-11-13,105.13,105.15,104.56,104.56,212282.0
2020-11-16,104.71,105.14,104.36,104.57,222225.0
2020-11-17,104.57,104.6,104.07,104.18,189463.0
2020-11-18,104.18,104.2,103.65,103.8,186380.0
2020-11-19,103.8,104.22,103.72,103.74,201615.0
2020-11-20,103.74,103.91,103.7,103.82,162825.0
2020-11-23,103.73,104.64,103.68,104.44,218699.0
2020-11-24,104.44,104.76,104.15,104.42,212670.0
2020-11-25,104.42,104.6,104.26,104.43,207735.0
2020-11-26,104.43,104.47,104.21,104.23,185966.0
2020-11-27,104.23,104.28,103.91,104.04,136014.0
2020-11-30,104.01,104.41,103.83,104.3,203118.0
2020-12-01,104.3,104.58,104.18,104.28,189166.0
2020-12-02,104.28,104.75,104.22,104.4,227271.0
2020-12-03,104.4,104.54,103.67,103.83,214184.0
2020-12-04,103.83,104.25,103.74,104.17,225963.0
2020-12-07,104.03,104.31,103.92,104.05,229935.0
2020-12-08,104.05,104.21,103.95,104.14,218736.0
2020-12-09,104.14,104.41,104.05,104.19,206690.0
2020-12-10,104.19,104.58,104.14,104.22,236500.0
2020-12-11,104.22,104.27,103.82,103.96,215805.0
2020-12-14,103.98,104.1,103.51,104.02,210604.0
2020-12-15,104.02,104.15,103.61,103.65,169971.0
2020-12-16,103.65,103.92,103.26,103.43,192725.0
2020-12-17,103.43,103.56,102.87,103.06,199107.0
2020-12-18,103.06,103.59,103.06,103.24,198788.0
2020-12-21,103.49,103.89,103.25,103.29,278823.0
2020-12-22,103.29,103.73,103.28,103.62,207639.0
2020-12-23,103.62,103.65,103.36,103.52,200610.0
2020-12-24,103.52,103.77,103.49,103.67,112251.0
2020-12-28,103.52,103.9,103.4,103.76,156237.0
2020-12-29,103.76,103.82,103.46,103.53,148850.0
2020-12-30,103.53,103.58,102.96,103.16,175594.0
2020-12-31,103.16,103.31,103.0,103.25,138192.0
2021-01-04,103.06,103.32,102.71,103.11,231985.0
2021-01-05,103.11,103.19,102.61,102.71,203974.0
2021-01-06,102.71,103.44,102.59,103.01,297201.0
2021-01-07,103.01,103.96,102.95,103.77,239454.0
2021-01-08,103.77,104.09,103.6,103.95,272942.0
2021-01-11,103.85,104.4,103.83,104.24,187884.0
2021-01-12,104.24,104.33,103.72,103.75,198540.0
2021-01-13,103.75,104.0,103.52,103.87,178669.0
2021-01-14,103.87,104.2,103.56,103.8,219775.0
2021-01-15,103.8,103.91,103.62,103.82,166598.0
2021-01-18,103.79,103.93,103.64,103.68,170151.0
2021-01-19,103.68,104.09,103.65,103.9,168569.0
2021-01-20,103.9,103.93,103.45,103.53,160179.0
2021-01-21,103.53,103.67,103.33,103.48,184426.0
2021-01-22,103.48,103.89,103.47,103.7,164933.0
2021-01-25,103.76,103.94,103.67,103.76,147190.0
2021-01-26,103.76,103.83,103.56,103.61,145333.0
2021-01-27,103.61,104.2,103.58,104.09,167127.0
2021-01-28,104.09,104.46,104.05,104.19,173453.0
2021-01-29,104.19,104.94,104.17,104.67,196148.0
2021-02-01,104.77,105.03,104.61,104.92,143030.0
2021-02-02,104.92,105.17,104.83,104.95,148042.0
2021-02-03,104.95,105.11,104.92,105.03,122010.0
2021-02-04,105.03,105.56,104.97,105.5,141050.0
2021-02-05,105.5,105.77,105.31,105.32,163935.0
2021-02-08,105.31,105.67,105.15,105.21,145857.0
2021-02-09,105.21,105.26,104.5,104.56,179795.0
2021-02-10,104.56,104.84,104.41,104.58,154423.0
2021-02-11,104.58,104.81,104.55,104.74,109564.0
2021-02-12,104.74,105.18,104.68,104.92,116119.0
2021-02-15,104.89,105.42,104.89,105.36,111305.0
2021-02-16,105.36,106.07,105.18,106.04,141811.0
2021-02-17,106.04,106.22,105.78,105.87,163466.0
2021-02-18,105.87,105.92,105.6,105.68,128792.0
2021-02-19,105.68,105.74,105.24,105.4,134720.0
2021-02-22,105.39,105.84,104.98,105.06,158024.0
2021-02-23,105.06,105.43,104.92,105.24,143834.0
2021-02-24,105.24,106.1,105.17,105.85,187823.0
2021-02-25,105.85,106.41,105.81,106.14,520854.0
2021-02-26,106.14,106.69,105.85,106.51,297279.0
2021-03-01,106.48,106.89,106.37,106.76,168050.0
2021-03-02,106.76,106.96,106.66,106.68,152189.0
2021-03-03,106.68,107.15,106.67,107.01,176795.0
2021-03-04,107.01,107.99,106.96,107.97,189610.0
2021-03-05,107.97,108.64,107.82,108.36,250437.0
2021-03-08,108.31,108.94,108.29,108.83,176845.0
2021-03-09,108.83,109.23,108.42,108.47,216952.0
2021-03-10,108.47,108.92,108.34,108.36,207940.0
2021-03-11,108.36,108.81,108.35,108.49,189750.0
2021-03-12,108.49,109.17,108.49,109.02,187922.0
2021-03-15,108.98,109.36,108.91,109.12,164091.0
2021-03-16,109.12,109.29,108.77,108.99,156574.0
2021-03-17,108.99,109.33,108.74,108.84,171294.0
2021-03-18,108.84,109.3,108.62,108.88,231344.0
2021-03-19,108.88,109.13,108.61,108.85,197284.0
2021-03-22,108.6,108.96,108.58,108.84,141641.0
2021-03-23,108.84,108.87,108.41,108.57,157771.0
2021-03-24,108.57,108.96,108.45,108.72,140669.0
2021-03-25,108.72,109.24,108.71,109.18,153725.0
2021-03-26,109.18,109.85,109.13,109.67,144032.0
2021-03-29,109.72,109.84,109.37,109.76,144124.0
2021-03-30,109.76,110.43,109.72,110.34,154603.0
2021-03-31,110.34,110.97,110.27,110.67,196248.0
2021-04-01,110.67,110.85,110.55,110.59,146902.0
2021-04-02,110.59,110.75,110.37,110.64,129877.0
2021-04-05,110.6,110.75,109.96,110.17,129818.0
2021-04-06,110.17,110.55,109.67,109.73,163564.0
2021-04-07,109.73,109.94,109.58,109.83,180956.0
2021-04-08,109.83,109.9,109.0,109.25,170307.0
2021-04-09,109.25,109.96,109.19,109.61,153062.0
2021-04-12,109.61,109.77,109.25,109.37,119203.0
2021-04-13,109.37,109.75,109.02,109.06,164663.0
2021-04-14,109.06,109.1,108.75,108.91,147156.0
2021-04-15,108.91,108.96,108.61,108.74,145972.0
2021-04-16,108.74,108.97,108.61,108.74,134274.0
2021-04-19,108.73,108.83,108.01,108.14,167888.0
2021-04-20,108.14,108.55,107.97,108.08,163532.0
2021-04-21,108.08,108.28,107.87,108.03,134247.0
2021-04-22,108.03,108.23,107.81,107.95,146938.0
2021-04-23,107.95,108.15,107.48,107.87,151745.0
2021-04-26,107.89,108.2,107.64,108.08,148002.0
2021-04-27,108.08,108.77,108.06,108.69,134974.0
2021-04-28,108.69,109.08,108.57,108.58,175518.0
2021-04-29,108.58,109.22,108.43,108.92,141732.0
2021-04-30,108.92,109.37,108.71,109.29,161832.0
2021-05-03,109.27,109.7,108.89,109.07,136049.0
2021-05-04,109.07,109.49,109.0,109.29,167481.0
2021-05-05,109.29,109.48,109.14,109.19,135501.0
2021-05-06,109.19,109.43,109.0,109.08,180537.0
2021-05-07,109.08,109.29,108.33,108.54,233387.0
2021-05-10,108.57,109.06,108.47,108.79,182301.0
2021-05-11,108.79,108.98,108.35,108.61,188507.0
2021-05-12,108.61,109.71,108.56,109.62,232071.0
2021-05-13,109.62,109.79,109.41,109.43,224890.0
2021-05-14,109.43,109.66,109.19,109.33,156028.0
2021-05-17,109.24,109.5,109.07,109.17,136593.0
2021-05-18,109.17,109.28,108.83,108.88,143434.0
2021-05-19,108.88,109.34,108.57,109.2,209430.0
2021-05-20,109.2,109.31,108.75,108.76,170378.0
2021-05-21,108.76,109.0,108.61,108.91,154661.0
2021-05-24,108.88,109.0,108.7,108.73,138492.0
2021-05-25,108.73,109.07,108.56,108.75,170014.0
2021-05-26,108.75,109.18,108.72,109.14,151543.0
2021-05-27,109.14,109.92,109.04,109.75,174450.0
2021-05-28,109.75,110.2,109.74,109.82,155612.0
2021-05-31,109.77,109.94,109.35,109.53,100899.0
2021-06-01,109.53,109.71,109.33,109.47,130056.0
2021-06-02,109.47,109.88,109.39,109.52,113320.0
2021-06-03,109.52,110.32,109.52,110.26,119603.0
2021-06-04,110.26,110.33,109.36,109.48,137076.0
2021-06-07,109.59,109.64,109.19,109.24,109195.0
2021-06-08,109.24,109.56,109.2,109.48,120006.0
2021-06-09,109.48,109.66,109.22,109.6,95606.0
2021-06-10,109.6,109.8,109.31,109.31,141408.0
2021-06-11,109.31,109.84,109.3,109.66,106870.0
2021-06-14,109.62,110.1,109.6,110.06,111775.0
2021-06-15,110.06,110.17,109.99,110.01,104881.0
2021-06-16,110.01,110.72,109.8,110.71,151940.0
2021-06-17,110.71,110.82,110.16,110.16,164280.0
2021-06-18,110.16,110.48,109.94,110.21,164006.0
2021-06-21,110.21,110.35,109.72,110.3,175387.0
2021-06-22,110.3,110.79,110.21,110.61,121143.0
2021-06-23,110.61,111.11,110.58,110.95,131414.0
2021-06-24,110.95,111.12,110.69,110.84,137606.0
2021-06-25,110.84,110.98,110.48,110.78,119036.0
2021-06-28,110.76,110.98,110.5,110.59,119875.0
2021-06-29,110.59,110.76,110.43,110.47,123893.0
2021-06-30,110.47,111.12,110.42,111.1,151297.0
2021-07-01,111.1,111.64,111.03,111.51,126511.0
2021-07-02,111.51,111.66,110.95,111.02,137714.0
2021-07-05,110.95,111.19,110.8,110.95,117736.0
2021-07-06,110.95,110.98,110.52,110.6,134023.0
2021-07-07,110.6,110.81,110.39,110.6,167515.0
2021-07-08,110.6,110.67,109.53,109.75,191254.0
2021-07-09,109.75,110.26,109.66,110.11,143099.0
2021-07-12,110.11,110.4,109.98,110.33,79214.0
2021-07-13,110.33,110.65,110.2,110.62,106655.0
2021-07-14,110.62,110.7,109.93,109.94,109193.0
2021-07-15,109.94,110.09,109.71,109.81,110136.0
2021-07-16,109.81,110.34,109.73,110.03,97770.0
2021-07-19,110.01,110.1,109.06,109.43,135997.0
2021-07-20,109.43,109.96,109.33,109.84,151023.0
2021-07-21,109.84,110.39,109.78,110.28,117961.0
2021-07-22,110.28,110.36,110.01,110.12,132019.0
2021-07-23,110.12,110.59,110.08,110.5,132092.0
2021-07-26,110.45,110.58,110.12,110.37,156833.0
2021-07-27,110.37,110.39,109.58,109.77,154548.0
2021-07-28,109.77,110.29,109.73,109.91,186513.0
2021-07-29,109.91,109.95,109.42,109.46,159673.0
2021-07-30,109.46,109.83,109.36,109.69,145970.0
2021-08-02,109.69,109.77,109.19,109.3,121626.0
2021-08-03,109.3,109.34,108.88,109.02,141296.0
2021-08-04,109.02,109.68,108.72,109.48,157965.0
2021-08-05,109.48,109.79,109.4,109.76,143736.0
2021-08-06,109.76,110.36,109.7,110.21,138882.0
2021-08-09,110.31,110.35,110.03,110.22,115362.0
2021-08-10,110.22,110.6,110.22,110.56,93713.0
2021-08-11,110.56,110.8,110.31,110.43,120296.0
2021-08-12,110.43,110.55,110.32,110.42,84270.0
2021-08-13,110.42,110.46,109.55,109.6,83930.0
2021-08-16,109.6,109.75,109.11,109.2,117299.0
2021-08-17,109.2,109.66,109.12,109.58,124866.0
2021-08-18,109.58,110.07,109.48,109.77,119420.0
2021-08-19,109.77,110.23,109.48,109.72,160348.0
2021-08-20,109.72,109.89,109.57,109.77,117006.0
2021-08-23,109.62,110.15,109.62,109.7,115258.0
2021-08-24,109.7,109.88,109.41,109.62,100283.0
2021-08-25,109.62,110.12,109.59,110.02,109698.0
2021-08-26,110.02,110.23,109.93,110.08,132039.0
2021-08-27,110.08,110.27,109.78,109.8,148605.0
2021-08-30,109.84,109.96,109.7,109.91,82546.0
2021-08-31,109.91,110.08,109.59,109.99,167852.0
2021-09-01,109.99,110.42,109.88,109.98,154751.0
2021-09-02,109.98,110.12,109.91,109.91,105768.0
2021-09-03,109.91,110.07,109.59,109.69,166838.0
2021-09-06,109.69,109.95,109.59,109.8,76808.0
2021-09-07,109.8,110.32,109.68,110.26,127925.0
2021-09-08,110.26,110.45,110.14,110.23,124155.0
2021-09-09,110.23,110.27,109.62,109.67,151508.0
2021-09-10,109.67,109.99,109.64,109.88,132452.0
2021-09-13,109.88,110.16,109.78,109.94,124677.0
2021-09-14,109.94,110.16,109.53,109.69,152546.0
2021-09-15,109.69,109.74,109.11,109.37,155652.0
2021-09-16,109.37,109.83,109.21,109.7,146892.0
2021-09-17,109.7,110.08,109.67,109.97,146001.0
2021-09-20,109.89,110.04,109.32,109.38,156165.0
2021-09-21,109.38,109.71,109.18,109.2,181665.0
2021-09-22,109.2,109.9,109.12,109.77,236237.0
2021-09-23,109.77,110.35,109.73,110.32,160616.0
2021-09-24,110.32,110.79,110.25,110.74,149499.0
2021-09-27,110.63,111.06,110.53,110.99,144415.0
2021-09-28,110.99,111.64,110.94,111.48,193356.0
2021-09-29,111.48,112.05,111.21,111.94,187264.0
2021-09-30,111.94,112.08,111.24,111.25,205538.0
2021-10-01,111.25,111.49,110.91,111.06,246296.0
2021-10-04,110.89,111.3,110.82,110.92,221818.0
2021-10-05,110.92,111.56,110.83,111.45,198308.0
2021-10-06,111.45,111.79,111.2,111.39,225253.0
2021-10-07,111.39,111.65,111.23,111.61,167205.0
2021-10-08,111.61,112.25,111.51,112.21,208883.0
2021-10-11,112.12,113.41,112.12,113.3,133687.0
2021-10-12,113.3,113.79,113.0,113.61,214975.0
2021-10-13,113.61,113.81,113.23,113.25,207781.0
2021-10-14,113.25,113.72,113.21,113.68,168713.0
2021-10-15,113.68,114.47,113.62,114.2,221646.0
2021-10-18,114.22,114.45,114.02,114.32,215676.0
2021-10-19,114.32,114.4,113.88,114.36,171568.0
2021-10-20,114.36,114.7,114.08,114.28,186512.0
2021-10-21,114.28,114.42,113.65,113.97,191048.0
2021-10-22,113.97,114.21,113.41,113.47,204989.0
2021-10-25,113.55,113.92,113.42,113.71,176177.0
2021-10-26,113.71,114.31,113.68,114.13,144510.0
2021-10-27,114.13,114.22,113.39,113.82,247162.0
2021-10-28,113.82,113.87,113.25,113.57,247679.0
2021-10-29,113.57,114.1,113.39,113.98,214094.0
2021-11-01,114.05,114.44,113.94,114.0,181734.0
2021-11-02,114.0,114.13,113.46,113.95,197042.0
2021-11-03,113.95,114.22,113.72,114.0,191861.0
2021-11-04,114.0,114.28,113.51,113.74,200828.0
2021-11-05,113.74,114.03,113.3,113.39,206296.0
2021-11-08,113.32,113.67,113.08,113.22,159563.0
2021-11-09,113.22,113.29,112.72,112.84,195665.0
2021-11-10,112.84,114.02,112.78,113.9,231811.0
2021-11-11,113.9,114.16,113.81,114.06,137833.0
2021-11-12,114.06,114.3,113.76,113.85,152136.0
2021-11-15,113.92,114.22,113.75,114.12,140106.0
2021-11-16,114.12,114.85,114.08,114.81,160505.0
2021-11-17,114.81,114.97,113.94,114.08,166551.0
2021-11-18,114.08,114.49,113.88,114.24,167316.0
2021-11-19,114.24,114.54,113.59,113.98,217560.0
2021-11-22,113.91,114.96,113.91,114.87,175719.0
2021-11-23,114.87,115.19,114.48,115.12,208298.0
2021-11-24,115.12,115.52,114.83,115.41,199165.0
2021-11-25,115.41,115.46,115.24,115.32,138180.0
2021-11-26,115.32,115.36,113.05,113.21,352549.0
2021-11-29,113.7,113.96,112.99,113.53,272490.0
2021-11-30,113.53,113.89,112.53,113.15,372527.0
2021-12-01,113.15,113.63,112.67,112.76,266295.0
2023-02-07,132.62,132.71,130.47,131.0,597688.0
2023-02-08,131.0,131.54,130.6,131.34,447417.0
2023-02-09,131.34,131.83,130.34,131.54,474544.0
2023-02-10,131.54,131.88,129.8,131.42,594052.0
2023-02-13,131.11,132.91,131.11,132.36,375139.0
2023-02-14,132.36,133.31,131.5,133.11,669410.0
2023-02-15,133.11,134.36,132.54,134.14,461197.0
2023-02-16,134.14,134.46,133.6,133.94,493460.0
2023-02-17,133.94,135.12,133.92,134.14,410317.0
2023-02-20,134.2,134.54,133.92,134.17,267507.0
2023-02-21,134.17,135.23,134.15,134.99,409764.0
2023-02-22,134.99,135.06,134.36,134.89,445712.0
2023-02-23,134.89,135.36,134.48,134.69,334410.0
2023-02-24,134.69,136.52,134.05,136.47,460329.0
2023-02-27,136.4,136.56,135.91,136.13,351723.0
2023-02-28,136.13,136.92,135.73,136.11,364768.0
2023-03-01,136.11,136.47,135.25,136.13,406513.0
2023-03-02,136.13,137.1,136.02,136.76,415482.0
2023-03-03,136.76,136.77,135.74,135.8,356658.0
2023-03-06,135.94,136.19,135.36,135.91,331899.0
2023-03-07,135.91,137.19,135.54,137.14,400056.0
2023-03-08,137.14,137.91,136.47,137.29,392327.0
2023-03-09,137.29,137.35,135.93,136.13,338006.0
2023-03-10,136.13,137.0,134.11,135.06,650201.0
2023-03-13,134.52,135.05,132.28,133.17,930711.0
2023-03-14,133.17,134.9,133.03,134.21,715368.0
2023-03-15,134.21,135.11,132.21,133.38,870268.0
2023-03-16,133.38,133.83,131.72,133.71,811085.0
2023-03-17,133.71,133.75,131.55,131.83,581922.0
2023-03-20,131.8,132.65,130.54,131.31,668459.0
2023-03-21,131.31,132.63,131.03,132.48,401367.0
2023-03-22,132.48,133.0,131.0,131.37,472941.0
2023-03-23,131.37,131.66,130.31,130.77,540908.0
2023-03-24,130.77,130.94,129.64,130.71,562634.0
2023-03-27,130.52,131.76,130.49,131.53,365626.0
2023-03-28,131.53,131.56,130.4,130.81,368658.0
2023-03-29,130.81,132.89,130.76,132.86,373363.0
2023-03-30,132.86,132.97,132.2,132.63,366888.0
2023-03-31,132.63,133.59,132.57,132.73,413564.0
2023-04-03,133.35,133.76,132.2,132.37,396776.0
2023-04-04,132.37,133.17,131.52,131.7,385090.0
2023-04-05,131.7,131.84,130.63,131.3,408154.0
2023-04-06,131.3,131.9,130.77,131.76,295785.0
2023-04-07,131.76,132.38,131.52,132.14,239703.0
2023-04-10,132.09,133.87,131.83,133.59,288488.0
2023-04-11,133.59,133.81,132.97,133.67,295698.0
2023-04-12,133.67,134.05,132.73,133.13,388020.0
2023-04-13,133.13,133.39,132.02,132.56,319027.0
2023-04-14,132.56,133.84,132.17,133.73,352857.0
2023-04-17,133.8,134.57,133.71,134.42,278857.0
2023-04-18,134.42,134.7,133.86,134.09,309930.0
2023-04-19,134.09,135.14,133.95,134.67,312146.0
2023-04-20,134.67,134.97,134.01,134.22,316930.0
2023-04-21,134.22,134.49,133.54,134.1,305537.0
2023-04-24,133.93,134.73,133.89,134.24,234227.0
2023-04-25,134.24,134.48,133.36,133.74,323051.0
2023-04-26,133.74,133.94,133.01,133.66,394641.0
2023-04-27,133.66,134.2,133.2,133.97,328248.0
2023-04-28,133.97,136.56,133.37,136.28,491116.0
2023-05-01,136.16,137.54,136.12,137.48,263086.0
2023-05-02,137.48,137.77,136.31,136.51,368976.0
2023-05-03,136.51,136.61,134.67,134.68,416700.0
2023-05-04,134.68,134.88,133.5,134.27,516802.0
2023-05-05,134.27,135.12,133.88,134.82,322380.0
2023-05-08,134.82,135.3,134.64,135.08,269850.0
2023-05-09,135.08,135.36,134.72,135.21,347929.0
2023-05-10,135.21,135.47,134.11,134.28,436162.0
2023-05-11,134.28,134.84,133.74,134.53,459170.0
2023-05-12,134.53,135.75,134.4,135.74,336382.0
2023-05-15,135.66,136.32,135.62,136.1,301774.0
2023-05-16,136.1,136.68,135.65,136.36,315337.0
2023-05-17,136.36,137.71,136.3,137.67,307247.0
2023-05-18,137.67,138.75,137.29,138.71,333389.0
2023-05-19,138.71,138.72,137.42,137.91,388531.0
2023-05-22,137.96,138.69,137.49,138.59,328283.0
2023-05-23,138.59,138.91,138.24,138.58,395429.0
2023-05-24,138.58,139.48,138.23,139.45,378865.0
2023-05-25,139.45,140.23,138.81,140.04,424216.0
2023-05-26,140.04,140.72,139.5,140.61,349341.0
2023-05-29,140.57,140.92,140.11,140.43,159921.0
2023-05-30,140.43,140.93,139.57,139.78,355888.0
2023-05-31,139.78,140.42,139.23,139.34,353893.0
2023-06-01,139.34,139.95,138.42,138.78,334850.0
2023-06-02,138.78,140.07,138.6,139.91,306541.0
2023-06-05,139.96,140.45,139.25,139.58,269357.0
2023-06-06,139.58,139.99,139.09,139.62,250932.0
2023-06-07,139.62,140.25,139.02,140.06,272466.0
2023-06-08,140.06,140.23,138.81,138.92,286816.0
2023-06-09,138.92,139.72,138.76,139.35,253228.0
2023-06-12,139.35,139.76,139.06,139.6,246201.0
2023-06-13,139.6,140.31,139.01,140.21,318794.0
2023-06-14,140.21,140.29,139.28,140.05,351120.0
2023-06-15,140.05,141.5,139.94,140.25,392477.0
2023-06-16,140.25,141.91,139.85,141.86,383372.0
2023-06-19,141.86,142.0,141.44,141.96,199015.0
2023-06-20,141.96,142.25,141.21,141.45,336245.0
2023-06-21,141.45,142.37,141.28,141.88,338403.0
2023-06-22,141.88,143.23,141.61,143.11,303660.0
2023-06-23,143.11,143.87,142.65,143.7,358595.0
2023-06-26,143.48,143.72,142.93,143.51,302698.0
2023-06-27,143.51,144.18,143.28,144.07,299820.0
2023-06-28,144.07,144.62,143.73,144.48,331478.0
2023-06-29,144.48,144.9,144.13,144.74,334552.0
2023-06-30,144.74,145.07,144.2,144.28,332657.0
2023-07-03,144.26,144.91,143.98,144.66,271774.0
2023-07-04,144.66,144.7,144.2,144.44,143517.0
2023-07-05,144.44,144.74,144.08,144.65,239967.0
2023-07-06,144.65,144.65,143.55,144.06,364858.0
2023-07-07,144.06,144.2,142.06,142.07,359974.0
2023-07-10,142.07,143.0,141.28,141.31,310513.0
2023-07-11,141.31,141.46,140.16,140.36,324110.0
2023-07-12,140.36,140.38,138.15,138.49,381806.0
2023-07-13,138.49,138.95,137.92,138.04,342671.0
2023-07-14,138.04,139.16,137.24,138.68,365868.0
2023-07-17,138.68,139.4,137.99,138.71,245226.0
2023-07-18,138.71,139.13,137.68,138.82,359664.0
2023-07-19,138.82,139.99,138.76,139.61,329037.0
2023-07-20,139.61,140.5,139.11,140.07,306962.0
2023-07-21,140.07,141.95,139.75,141.83,349854.0
2023-07-24,141.55,141.81,140.73,141.47,327050.0
2023-07-25,141.47,141.74,140.85,140.89,279394.0
2023-07-26,140.89,141.19,139.92,140.24,367170.0
2023-07-27,140.24,141.32,138.76,139.43,487842.0
2023-07-28,139.43,141.18,138.06,141.15,634163.0
2023-07-31,140.9,142.69,140.69,142.27,379224.0
2023-08-01,142.27,143.54,142.21,143.33,320464.0
2023-08-02,143.33,143.47,142.23,143.31,376773.0
2023-08-03,143.31,143.89,142.06,142.52,469630.0
2023-08-04,142.52,142.93,141.55,141.69,381924.0
2023-08-07,141.64,142.59,141.51,142.49,262257.0
2023-08-08,142.49,143.49,142.4,143.36,329968.0
2023-08-09,143.36,143.75,143.0,143.72,268146.0
2023-08-10,143.72,144.81,143.26,144.72,337568.0
2023-08-11,144.72,145.0,144.39,144.93,256992.0
2023-08-14,144.91,145.58,144.65,145.55,274340.0
2023-08-15,145.55,145.87,145.1,145.57,306589.0
2023-08-16,145.57,146.41,145.3,146.34,283183.0
2023-08-17,146.34,146.56,145.62,145.83,308454.0
2023-08-18,145.83,145.87,144.93,145.36,278585.0
2023-08-21,145.2,146.4,145.14,146.21,248310.0
2023-08-22,146.21,146.4,145.49,145.88,256405.0
2023-08-23,145.88,145.89,144.54,144.83,304001.0
2023-08-24,144.83,145.96,144.6,145.82,269982.0
2023-08-25,145.82,146.63,145.72,146.38,297524.0
2023-08-28,146.39,146.75,146.27,146.53,207431.0
2023-08-29,146.53,147.38,145.67,145.86,306376.0
2023-08-30,145.86,146.53,145.56,146.22,325552.0
2023-08-31,146.22,146.23,145.35,145.53,315791.0
2023-09-01,145.53,146.29,144.44,146.25,336513.0
2023-09-04,146.05,146.5,146.02,146.47,139401.0
2023-09-05,146.47,147.8,146.37,147.72,278937.0
2023-09-06,147.72,147.82,147.01,147.65,294223.0
2023-09-07,147.65,147.87,147.04,147.29,257679.0
2023-09-08,147.29,147.87,146.58,147.78,278495.0
2023-09-11,146.97,147.27,145.9,146.58,381622.0
2023-09-12,146.58,147.23,146.43,147.08,263170.0
2023-09-13,147.08,147.75,147.02,147.45,322538.0
2023-09-14,147.45,147.56,147.02,147.46,321579.0
2023-09-15,147.46,147.95,147.33,147.83,282202.0
2023-09-18,147.71,147.88,147.56,147.6,189012.0
2023-09-19,147.6,147.92,147.5,147.85,221255.0
2023-09-20,147.85,148.36,147.47,148.34,312974.0
2023-09-21,148.34,148.46,147.32,147.57,309854.0
2023-09-22,147.57,148.42,147.5,148.36,309231.0
2023-09-25,148.25,148.96,148.22,148.88,232920.0
2023-09-26,148.88,149.19,148.7,149.05,273072.0
2023-09-27,149.05,149.71,148.86,149.63,272175.0
2023-09-28,149.63,149.63,149.14,149.3,316978.0
2023-09-29,149.3,149.51,148.52,149.32,331179.0
2023-10-02,149.59,149.87,149.38,149.85,258779.0
2023-10-03,149.85,150.16,147.27,148.99,367526.0
2023-10-04,148.99,149.32,148.73,149.12,328152.0
2023-10-05,149.12,149.12,148.26,148.51,325442.0
2023-10-06,148.51,149.53,148.36,149.23,344054.0
2023-10-09,149.0,149.24,148.43,148.5,230454.0
2023-10-10,148.5,149.1,148.16,148.71,313676.0
2023-10-11,148.71,149.32,148.42,149.16,315968.0
2023-10-12,149.16,149.83,148.95,149.8,307917.0
2023-10-13,149.8,149.83,149.45,149.55,291646.0
2023-10-16,149.32,149.76,149.3,149.51,225124.0
2023-10-17,149.51,149.85,148.74,149.8,261565.0
2023-10-18,149.8,149.94,149.48,149.92,235785.0
2023-10-19,149.92,149.96,149.66,149.78,296909.0
2023-10-20,149.78,149.99,149.61,149.83,241643.0
2023-10-23,149.81,149.99,149.55,149.7,193090.0
2023-10-24,149.7,149.93,149.32,149.91,229909.0
2023-10-25,149.91,150.32,149.79,150.19,198090.0
2023-10-26,150.19,150.78,149.82,150.36,301893.0
2023-10-27,150.36,150.41,149.46,149.59,236172.0
2023-10-30,149.48,149.85,148.8,149.05,219006.0
2023-10-31,149.05,151.72,149.0,151.67,351549.0
2023-11-01,151.67,151.69,150.66,150.95,294828.0
2023-11-02,150.95,150.95,149.84,150.4,259563.0
2023-11-03,150.4,150.52,149.19,149.33,256600.0
2023-11-06,149.32,150.08,149.32,150.07,199630.0
2023-11-07,150.07,150.69,149.93,150.31,203049.0
2023-11-08,150.31,151.06,150.3,150.97,214042.0
2023-11-09,150.97,151.39,150.77,151.34,249483.0
2023-11-10,151.34,151.6,151.22,151.48,201388.0
2023-11-13,151.44,151.91,151.2,151.72,181201.0
2023-11-14,151.72,151.79,150.15,150.38,251655.0
2023-11-15,150.38,151.42,150.04,151.32,249096.0
2023-11-16,151.32,151.43,150.29,150.72,215271.0
2023-11-17,150.72,150.77,149.19,149.5,260632.0
2023-11-20,149.5,149.99,148.1,148.36,303634.0
2023-11-21,148.36,148.59,147.15,148.38,330602.0
2023-11-22,148.38,149.75,148.02,149.53,299815.0
2023-11-23,149.53,149.69,148.89,149.54,160193.0
2023-11-24,149.54,149.71,149.19,149.4,179985.0
2023-11-27,149.4,149.67,148.54,148.67,273326.0
2023-11-28,148.67,148.83,147.32,147.47,340962.0
2023-11-29,147.47,147.91,146.67,147.24,402382.0
2023-11-30,147.24,148.52,146.84,148.18,388616.0
2023-12-01,148.18,148.34,146.66,146.75,402257.0
2023-12-04,146.66,147.45,146.23,147.2,404316.0
2023-12-05,147.2,147.39,146.56,147.14,383083.0
2023-12-06,147.14,147.5,146.89,147.31,296760.0
2023-12-07,147.31,147.31,141.6,144.09,581180.0
2023-12-08,144.09,145.21,142.49,144.96,697562.0
2023-12-11,144.88,146.59,144.81,146.14,416279.0
2023-12-12,146.14,146.17,144.72,145.45,419551.0
2023-12-13,145.45,145.99,142.63,142.88,513889.0
2023-12-14,142.88,142.92,140.95,141.83,754136.0
2023-12-15,141.83,142.47,141.43,142.13,539649.0
2023-12-18,142.04,143.16,142.03,142.76,339500.0
2023-12-19,142.76,144.95,142.25,143.83,491299.0
2023-12-20,143.83,144.1,143.26,143.56,406400.0
2023-12-21,143.56,143.57,142.04,142.11,425201.0
2023-12-22,142.11,142.66,141.86,142.39,379717.0
2023-12-25,142.39,142.45,142.26,142.27,31.0
2023-12-26,142.27,142.63,142.19,142.39,123499.0
2023-12-27,142.39,142.84,141.54,141.81,240107.0
2023-12-28,141.81,141.82,140.25,141.37,346262.0
2023-12-29,141.37,141.91,140.79,140.98,297049.0
2024-01-02,140.98,142.21,140.98,141.98,270278.0
2024-01-03,141.98,143.73,141.86,143.29,361642.0
2024-01-04,143.29,144.85,142.85,144.62,367455.0
2024-01-05,144.62,145.98,143.8,144.59,460360.0
2024-01-08,144.59,144.91,143.66,144.23,318899.0
2024-01-09,144.23,144.62,143.42,144.47,348114.0
2024-01-10,144.47,145.83,144.31,145.75,306979.0
2024-01-11,145.75,146.41,145.21,145.26,443004.0
2024-01-12,145.26,145.56,144.35,144.87,366543.0
2024-01-15,144.87,145.94,144.84,145.68,203523.0
2024-01-16,145.68,147.31,145.58,147.18,428922.0
2024-01-17,147.18,148.53,147.05,148.14,404374.0
2024-01-18,148.14,148.3,147.65,148.14,365711.0
2024-01-19,148.14,148.8,147.83,148.17,335682.0
2024-01-22,148.25,148.3,147.61,148.08,310148.0
2024-01-23,148.08,148.69,146.97,148.28,394956.0
2024-01-24,148.28,148.38,146.65,147.49,381010.0
2024-01-25,147.49,147.93,147.08,147.66,384113.0
2024-01-26,147.66,148.21,147.4,148.14,322083.0
2024-01-29,148.09,148.33,147.25,147.49,272568.0
2024-01-30,147.49,147.93,147.09,147.6,300048.0
2024-01-31,147.6,147.9,146.0,146.86,560472.0
2024-02-01,146.86,147.11,145.89,146.41,476001.0
2024-02-02,146.41,148.58,146.24,148.31,386389.0
2024-02-05,148.37,148.89,148.26,148.67,347213.0
2024-02-06,148.67,148.78,147.81,147.94,341041.0
2024-02-07,147.94,148.26,147.61,148.17,348401.0
2024-02-08,148.17,149.48,147.93,149.3,339269.0
2024-02-09,149.3,149.57,149.0,149.24,315267.0
2024-02-12,149.21,149.48,148.93,149.34,260920.0
2024-02-13,149.34,150.88,149.23,150.77,341341.0
2024-02-14,150.77,150.78,150.34,150.52,315337.0
2024-02-15,150.52,150.57,149.51,149.89,349275.0
2024-02-16,149.89,150.64,149.82,150.19,307718.0
2024-02-19,150.06,150.19,149.87,150.11,187427.0
2024-02-20,150.11,150.44,149.68,150.0,309858.0
2024-02-21,150.0,150.39,149.85,150.28,295451.0
2024-02-22,150.28,150.69,150.01,150.52,359189.0
2024-02-23,150.52,150.77,150.29,150.49,280436.0
2024-02-26,150.46,150.84,150.29,150.69,305087.0
2024-02-27,150.69,150.7,150.07,150.5,277788.0
2024-02-28,150.5,150.84,150.37,150.69,305016.0
2024-02-29,150.69,150.69,149.2,149.97,378487.0
2024-03-01,149.97,150.72,149.91,150.06,362929.0
2024-03-04,149.96,150.57,149.84,150.52,240917.0
2024-03-05,150.52,150.55,149.7,150.04,305899.0
2024-03-06,150.04,150.08,149.09,149.35,329232.0
2024-03-07,149.35,149.37,147.58,148.04,425763.0
2024-03-08,148.04,148.12,146.48,147.05,430610.0
2024-03-11,147.02,147.15,146.48,146.94,272180.0
2024-03-12,146.94,148.16,146.62,147.64,355209.0
2024-03-13,147.64,148.05,147.23,147.75,266454.0
2024-03-14,147.75,148.36,147.43,148.29,325282.0
2024-03-15,148.29,149.16,148.03,148.99,263878.0
2024-03-18,148.93,149.33,148.91,149.14,248634.0
2024-03-19,149.14,150.96,148.97,150.84,341672.0
2024-03-20,150.84,151.82,150.72,151.25,366563.0
2024-03-21,151.25,151.75,150.26,151.6,368692.0
2024-03-22,151.6,151.86,151.0,151.41,303873.0
2024-03-25,151.41,151.54,151.05,151.41,224894.0
2024-03-26,151.41,151.6,151.2,151.56,229583.0
2024-03-27,151.56,151.97,151.02,151.32,264840.0
2024-03-28,151.32,151.54,151.15,151.36,262662.0
2024-03-29,151.36,151.5,151.17,151.32,168363.0
2024-04-01,151.25,151.77,151.22,151.64,176688.0
2024-04-02,151.64,151.8,151.46,151.55,230029.0
2024-04-03,151.55,151.95,151.44,151.69,204952.0
2024-04-04,151.69,151.77,151.12,151.33,208493.0
2024-04-05,151.33,151.75,150.81,151.61,234453.0
2024-04-08,151.55,151.94,151.54,151.78,185123.0
2024-04-09,151.78,151.94,151.57,151.73,169872.0
2024-04-10,151.73,153.24,151.68,153.16,255777.0
2024-04-11,153.16,153.32,152.76,153.26,258723.0
2024-04-12,153.26,153.38,152.59,153.21,243084.0
2024-04-15,153.03,154.45,152.96,154.26,253112.0
2024-04-16,154.26,154.79,153.88,154.71,239915.0
2024-04-17,154.71,154.73,154.16,154.38,194008.0
2024-04-18,154.38,154.68,153.95,154.64,193473.0
2024-04-19,154.64,154.67,153.59,154.6,274060.0
2024-04-22,154.55,154.85,154.44,154.85,149464.0
2024-04-23,154.85,154.87,154.55,154.83,174450.0
2024-04-24,154.83,155.37,154.73,155.33,167070.0
2024-04-25,155.33,155.75,155.2,155.65,220881.0
2024-04-26,155.65,158.44,154.96,158.28,322150.0
2024-04-29,157.87,160.21,154.51,156.31,717216.0
2024-04-30,156.31,157.85,156.06,157.79,265583.0
2024-05-01,157.79,157.99,153.0,154.6,326625.0
2024-05-02,154.6,156.29,153.05,153.56,397101.0
2024-05-03,153.56,153.75,151.86,152.93,342828.0
2024-05-06,152.93,154.01,152.75,153.87,204674.0
2024-05-07,153.87,154.75,153.83,154.69,217991.0
2024-05-08,154.69,155.69,154.52,155.48,188960.0
2024-05-09,155.48,155.95,155.15,155.42,191688.0
2024-05-10,155.42,155.9,155.26,155.75,167766.0
2024-05-13,155.66,156.25,155.49,156.2,154766.0
2024-05-14,156.2,156.79,156.12,156.4,161225.0
2024-05-15,156.4,156.56,154.69,154.87,267508.0
2024-05-16,154.87,155.53,153.6,155.39,300035.0
2024-05-17,155.39,155.98,155.25,155.64,183973.0
2024-05-20,155.58,156.3,155.49,156.25,170812.0
2024-05-21,156.25,156.55,155.84,156.13,203504.0
2024-05-22,156.13,156.85,156.08,156.79,191791.0
2024-05-23,156.79,157.19,156.51,156.89,243971.0
2024-05-24,156.89,157.14,156.82,156.96,167778.0
2024-05-27,157.0,157.0,156.66,156.81,106159.0
2024-05-28,156.81,157.2,156.58,157.16,170345.0
2024-05-29,157.16,157.71,156.89,157.63,181064.0
2024-05-30,157.63,157.67,156.37,156.81,253309.0
2024-05-31,156.81,157.36,156.56,157.23,280186.0
2024-06-03,157.27,157.47,155.95,156.03,247341.0
2024-06-04,156.03,156.49,154.52,154.84,347319.0
2024-06-05,154.84,156.48,154.78,156.09,301875.0
2024-06-06,156.09,156.45,155.35,155.6,282843.0
2024-06-07,155.6,157.07,155.12,156.69,310586.0
2024-06-10,156.9,157.19,156.69,157.02,229529.0
2024-06-11,157.02,157.4,156.8,157.13,236840.0
2024-06-12,157.13,157.37,155.72,156.72,343140.0
2024-06-13,156.72,157.31,156.55,156.98,271385.0
2024-06-14,156.98,158.26,156.79,157.38,424320.0
2024-06-17,157.35,157.96,157.15,157.71,232759.0
2024-06-18,157.71,158.23,157.51,157.84,228460.0
2024-06-19,157.84,158.14,157.6,158.05,117266.0
2024-06-20,158.05,158.94,157.8,158.9,196927.0
2024-06-21,158.9,159.83,158.66,159.76,221725.0
2024-06-24,159.75,159.93,158.74,159.6,249218.0
2024-06-25,159.6,159.76,159.19,159.67,232965.0
2024-06-26,159.67,160.87,159.61,160.78,254312.0
2024-06-27,160.78,160.82,160.28,160.73,220726.0
2024-06-28,160.73,161.28,160.26,160.83,326782.0
2024-07-01,160.69,161.73,160.69,161.42,250628.0
2024-07-02,161.42,161.75,161.27,161.41,191639.0
2024-07-03,161.41,161.95,160.77,161.65,234933.0
2024-07-04,161.65,161.67,160.94,161.22,148982.0
2024-07-05,161.22,161.4,160.33,160.76,320891.0
2024-07-08,160.75,161.12,160.26,160.79,245209.0
2024-07-09,160.79,161.52,160.73,161.28,215504.0
2024-07-10,161.28,161.81,161.25,161.66,178248.0
2024-07-11,161.66,161.76,157.41,158.76,430271.0
2024-07-12,158.76,159.45,157.35,157.9,517772.0
2024-07-15,158.08,158.42,157.16,157.98,258842.0
2024-07-16,157.98,158.85,157.98,158.3,238167.0
2024-07-17,158.3,158.62,156.05,156.16,427411.0
2024-07-18,156.16,157.4,155.37,157.36,444209.0
2024-07-19,157.36,157.86,156.95,157.38,353082.0
2024-07-22,157.36,157.61,156.28,157.0,343004.0
2024-07-23,157.0,157.1,155.54,155.56,376308.0
2024-07-24,155.56,155.99,153.1,153.84,500466.0
2024-07-25,153.84,154.32,151.94,153.91,648751.0
2024-07-26,153.91,154.74,153.08,153.72,495335.0
2024-07-29,153.67,154.35,153.01,154.0,495006.0
2024-07-30,154.0,155.22,152.64,152.75,495560.0
2024-07-31,152.75,153.89,149.61,149.95,949756.0
2024-08-01,149.95,150.89,148.51,149.33,817815.0
2024-08-02,149.33,149.78,146.41,146.47,932530.0
2024-08-05,146.36,146.56,141.68,144.14,1249245.0
2024-08-06,144.14,146.36,143.61,144.29,1098923.0
2024-08-07,144.29,147.9,144.28,146.67,927899.0
2024-08-08,146.67,147.54,145.42,147.19,921881.0
2024-08-09,147.19,147.82,146.26,146.6,728631.0
2024-08-12,146.45,148.22,146.45,147.19,531312.0
2024-08-13,147.19,147.95,146.59,146.82,566194.0
2024-08-14,146.82,147.58,146.07,147.33,569319.0
2024-08-15,147.33,149.4,147.05,149.28,450464.0
2024-08-16,149.28,149.34,147.53,147.54,440199.0
2024-08-19,147.56,148.05,145.18,146.57,593588.0
2024-08-20,146.57,147.34,145.19,145.25,583795.0
2024-08-21,145.25,146.9,144.45,145.26,709794.0
2024-08-22,145.26,146.52,144.85,146.28,509004.0
2024-08-23,146.28,146.48,144.04,144.33,608398.0
2024-08-26,144.18,144.65,143.44,144.51,534830.0
2024-08-27,144.51,145.17,143.91,143.93,450723.0
2024-08-28,143.93,145.04,143.68,144.57,459715.0
2024-08-29,144.57,145.55,144.17,144.98,559407.0
2024-08-30,144.98,146.25,144.65,146.13,414516.0
2024-09-02,146.09,147.18,145.77,146.85,298227.0
2024-09-03,146.85,147.21,145.11,145.47,603885.0
2024-09-04,145.47,145.56,143.71,143.73,649758.0
2024-09-05,143.73,144.23,142.84,143.44,639796.0
2024-09-06,143.44,144.02,141.76,142.23,864458.0
2024-09-09,142.13,143.8,141.94,143.15,550971.0
2024-09-10,143.15,143.71,142.19,142.42,474870.0
2024-09-11,142.42,142.55,140.71,142.36,734826.0
2024-09-12,142.36,143.04,141.72,141.8,741036.0
2024-09-13,141.8,141.87,140.28,140.77,622319.0
2024-09-16,140.67,140.91,139.58,140.61,507692.0
2024-09-17,140.61,142.47,140.31,142.4,584216.0
2024-09-18,142.4,142.71,140.44,142.26,695073.0
2024-09-19,142.26,143.94,141.87,142.62,793688.0
2024-09-20,142.62,144.49,141.73,143.85,740100.0
2024-09-23,143.89,144.45,143.16,143.58,573837.0
2024-09-24,143.58,144.68,143.11,143.22,508810.0
2024-09-25,143.22,144.84,142.88,144.75,500281.0
2024-09-26,144.75,145.21,144.1,144.8,495698.0
2024-09-27,144.8,146.49,142.06,142.15,799565.0
2024-09-30,142.05,143.91,141.64,143.62,549417.0
2024-10-01,143.62,144.53,142.96,143.54,688079.0
2024-10-02,143.54,146.51,143.42,146.45,518444.0
2024-10-03,146.45,147.24,146.28,146.93,548078.0
2024-10-04,146.93,149.0,145.91,148.66,553403.0
2024-10-07,148.71,149.12,147.84,148.18,522368.0
2024-10-08,148.18,148.38,147.34,148.19,544425.0
2024-10-09,148.19,149.36,148.01,149.3,358309.0
2024-10-10,149.3,149.54,148.23,148.57,526316.0
2024-10-11,148.57,149.28,148.4,149.08,321066.0
2024-10-14,149.02,149.98,149.01,149.75,240452.0
2024-10-15,149.75,149.84,148.84,149.19,370570.0
2024-10-16,149.19,149.8,148.85,149.62,326212.0
2024-10-17,149.62,150.32,149.24,150.19,351591.0
2024-10-18,150.19,150.28,149.36,149.45,302757.0
2024-10-21,149.44,150.88,149.08,150.83,323099.0
2024-10-22,150.83,151.19,150.49,151.07,333830.0
2024-10-23,151.07,153.18,150.97,152.75,353697.0
2024-10-24,152.75,152.83,151.55,151.81,418600.0
2024-10-25,151.81,152.38,151.44,152.24,342364.0
2024-10-28,153.23,153.88,152.4,153.27,347296.0
2024-10-29,153.27,153.86,152.75,153.35,353672.0
2024-10-30,153.35,153.49,152.78,153.4,384407.0
2024-10-31,153.4,153.62,151.83,152.03,494085.0
2024-11-01,152.03,153.09,151.78,152.92,422389.0
2024-11-04,152.16,152.55,151.53,152.12,384441.0
2024-11-05,152.12,152.54,151.33,151.6,311788.0
2024-11-06,151.6,154.69,151.28,154.62,1055693.0
2024-11-07,154.62,154.71,152.69,152.93,510507.0
2024-11-08,152.93,153.36,152.14,152.57,407538.0
2024-11-11,152.62,153.95,152.62,153.71,240804.0
2024-11-12,153.71,154.92,153.4,154.59,330256.0
2024-11-13,154.59,155.62,154.34,155.46,409899.0
2024-11-14,155.46,156.42,155.34,156.25,374505.0
2024-11-15,156.25,156.74,153.86,154.28,463598.0
2024-11-18,154.22,155.35,153.83,154.65,448629.0
2024-11-19,154.65,154.8,153.27,154.65,509856.0
2024-11-20,154.65,155.88,154.52,155.38,331410.0
2024-11-21,155.38,155.39,153.9,154.53,471116.0
2024-11-22,154.53,155.02,153.96,154.71,434271.0
2024-11-25,154.08,154.72,153.54,154.17,428314.0
2024-11-26,154.17,154.49,152.98,153.08,433791.0
2024-11-27,153.08,153.23,150.45,151.05,452809.0
2024-11-28,151.05,151.95,150.88,151.5,218519.0
2024-11-29,151.5,151.55,149.46,149.71,557034.0
2024-12-02,149.6,150.75,149.08,149.57,450641.0
2024-12-03,149.57,150.23,148.64,149.58,375776.0
2024-12-04,149.58,151.23,149.52,150.55,411850.0
2024-12-05,150.55,150.77,149.65,150.09,343367.0
2024-12-06,150.09,150.69,149.36,149.96,366469.0
2024-12-09,149.86,151.34,149.69,151.21,266050.0
2024-12-10,151.21,152.18,150.89,151.95,293022.0
2024-12-11,151.95,152.84,150.98,152.45,403219.0
2024-12-12,152.45,152.77,151.79,152.61,375178.0
2024-12-13,152.61,153.8,152.45,153.58,269884.0
2024-12-16,153.6,154.47,153.32,154.1,246093.0
2024-12-17,154.1,154.34,153.16,153.5,297466.0
2024-12-18,153.5,154.86,153.33,154.81,346139.0
2024-12-19,154.81,157.8,154.43,157.4,508202.0
2024-12-20,157.4,157.92,155.95,156.36,425992.0
2024-12-23,156.36,157.26,156.33,157.16,246911.0
2024-12-24,157.16,157.39,156.88,157.3,154785.0
2024-12-26,157.3,158.08,157.3,157.93,143896.0
2024-12-27,157.93,157.95,157.35,157.8,221730.0
2024-12-30,157.75,158.07,156.66,156.84,242103.0
2024-12-31,156.84,157.54,156.01,157.31,271070.0
2025-01-02,157.31,157.85,156.43,157.52,281338.0
2025-01-03,157.52,157.56,156.87,157.27,238096.0
2025-01-06,157.15,157.96,156.23,157.57,494861.0
2025-01-07,157.57,158.42,157.36,158.04,351465.0
2025-01-08,158.04,158.55,157.9,158.34,290183.0
2025-01-09,158.34,158.39,157.57,158.1,401788.0
2025-01-10,158.1,158.87,157.22,157.69,412141.0
2025-01-13,157.69,157.96,156.91,157.45,311826.0
2025-01-14,157.45,158.19,157.08,157.94,358818.0
2025-01-15,157.94,158.08,155.93,156.43,347654.0
2025-01-16,156.43,156.53,155.1,155.11,758678.0
2025-01-17,155.11,156.37,154.97,156.26,287747.0
2025-01-20,156.26,156.58,155.41,155.61,343136.0
2025-01-21,155.61,156.23,154.77,155.48,410540.0
2025-01-22,155.48,156.71,155.35,156.5,288933.0
2025-01-23,156.5,156.75,155.74,156.03,564514.0
2025-01-24,156.03,156.57,154.83,155.95,456249.0
2025-01-27,155.68,156.24,153.71,154.49,509024.0
2025-01-28,154.49,155.97,154.43,155.47,374463.0
2025-01-29,155.47,155.78,154.93,155.18,359701.0
2025-01-30,155.18,155.23,153.78,154.29,847898.0
2025-01-31,154.29,155.22,153.91,155.16,461949.0
2025-02-03,154.76,155.88,154.0,154.68,573660.0
2025-02-04,154.68,155.52,154.17,154.32,369646.0
2025-02-05,154.32,154.46,152.11,152.58,428953.0
2025-02-06,152.58,152.89,151.23,151.36,758420.0
2025-02-07,151.36,152.42,150.93,151.39,518019.0
2025-02-10,151.2,152.53,151.17,151.99,327072.0
2025-02-11,151.99,152.6,151.64,152.47,323613.0
2025-02-12,152.47,154.8,152.34,154.41,447872.0
2025-02-13,154.41,154.67,152.7,152.79,943802.0
2025-02-14,152.79,153.15,152.02,152.28,363745.0
2025-02-17,152.2,152.38,151.34,151.49,279216.0
2025-02-18,151.49,152.22,151.23,152.05,313296.0
2025-02-19,152.05,152.31,151.24,151.46,347739.0
2025-02-20,151.46,151.47,149.39,149.63,841432.0
2025-02-21,149.63,150.73,148.92,149.23,464416.0
2025-02-24,149.17,149.87,148.84,149.69,459584.0
2025-02-25,149.69,150.3,148.56,149.02,510597.0
2025-02-26,149.02,149.88,148.61,149.08,488655.0
2025-02-27,149.08,150.16,148.74,149.8,1080878.0
2025-02-28,149.8,150.99,149.09,150.61,597764.0
2025-03-03,150.72,151.3,149.09,149.49,604360.0
2025-03-04,149.49,149.87,148.09,149.79,839094.0
2025-03-05,149.79,150.18,148.38,148.87,753798.0
2025-03-06,148.87,149.33,147.31,147.98,1518794.0
2025-03-07,147.98,148.2,146.94,148.03,753152.0
2025-03-10,147.94,147.94,146.63,147.26,603850.0
2025-03-11,147.26,148.12,146.54,147.77,742766.0
2025-03-12,147.77,149.19,147.65,148.23,512834.0
2025-03-13,148.23,148.37,147.41,147.8,966456.0
2025-03-14,147.8,149.02,147.69,148.62,407553.0
2025-03-17,148.75,149.28,148.21,149.19,404358.0
2025-03-18,149.19,149.93,149.09,149.26,341394.0
2025-03-19,149.26,150.14,148.6,148.68,360141.0
2025-03-20,148.68,148.96,148.17,148.78,665002.0
2025-03-21,148.78,149.66,148.58,149.29,339567.0
2025-03-24,149.34,150.75,149.33,150.69,309136.0
2025-03-25,150.69,150.94,149.54,149.89,269082.0
2025-03-26,149.89,150.74,149.84,150.55,294259.0
2025-03-27,150.55,151.15,150.06,151.03,676322.0
2025-03-28,151.03,151.21,149.68,149.81,367109.0
2025-03-31,149.74,150.26,148.7,149.95,496463.0
2025-04-01,149.95,150.14,148.97,149.59,442019.0
2025-04-02,149.59,150.49,149.1,149.21,454804.0
2025-04-03,149.21,149.24,145.17,146.02,1896816.0
2025-04-04,146.02,147.43,144.55,146.9,1430713.0
2025-04-07,145.52,148.15,144.81,147.81,1662960.0
2025-04-08,147.81,148.12,145.96,146.22,1026736.0
2025-04-09,146.22,148.28,143.99,147.71,1389929.0
2025-04-10,147.71,147.71,144.0,144.42,1919504.0
2025-04-11,144.42,144.6,142.05,143.44,1134684.0
2025-04-14,143.88,144.08,142.23,143.01,690162.0
2025-04-15,143.01,143.59,142.59,143.24,462575.0
2025-04-16,143.24,143.28,141.64,141.83,522880.0
2025-04-17,141.83,143.08,141.61,142.42,921662.0
2025-04-18,142.42,142.44,142.09,142.11,491077.0
2025-04-21,142.02,142.11,140.46,140.86,351874.0
2025-04-22,140.86,141.66,139.88,141.58,426655.0
2025-04-23,141.58,143.57,141.45,143.39,610900.0
2025-04-24,143.39,143.4,142.27,142.56,731792.0
2025-04-25,142.56,144.03,142.56,143.64,376439.0
2025-04-28,143.53,143.89,141.96,141.96,316626.0
2025-04-29,141.96,142.75,141.96,142.3,311465.0
2025-04-30,142.3,143.19,142.15,143.05,336356.0
2025-05-01,143.05,145.73,142.87,145.32,681246.0
2025-05-02,145.32,145.92,143.72,144.95,431968.0
2025-05-05,144.67,144.99,143.54,143.68,320816.0
2025-05-06,143.68,144.27,142.35,142.41,351009.0
2025-05-07,142.41,144.0,142.41,143.82,414259.0
2025-05-08,143.82,146.18,143.44,145.89,817694.0
2025-05-09,145.89,146.18,144.82,145.36,303902.0
2025-05-12,146.16,148.65,145.69,148.45,507467.0
2025-05-13,148.45,148.47,147.38,147.48,274359.0
2025-05-14,147.46,147.67,145.6,146.74,411242.0
2025-05-15,146.74,146.75,145.41,145.64,722100.0
2025-05-16,145.64,146.09,144.91,145.62,295134.0
2025-05-19,145.23,145.44,144.65,144.85,473606.0
2025-05-20,144.85,145.51,144.09,144.5,330743.0
2025-05-21,144.5,144.55,143.28,143.66,421568.0
2025-05-22,143.66,144.4,142.8,144.01,835844.0
2025-05-23,144.01,144.07,142.42,142.55,429004.0
2025-05-26,142.41,143.08,142.22,142.84,203875.0
2025-05-27,142.84,144.46,142.11,144.32,329859.0
2025-05-28,144.32,145.08,143.85,144.81,354497.0
2025-05-29,144.81,146.28,143.96,144.16,454227.0
2025-05-30,144.16,144.44,143.43,144.04,420167.0
2025-06-02,144.1,144.1,142.53,142.65,360333.0
2025-06-03,142.65,144.11,142.37,143.97,309896.0
2025-06-04,143.97,144.39,142.6,142.76,331563.0
2025-06-05,142.76,143.98,142.53,143.5,854804.0
2025-06-06,143.5,145.09,143.44,144.81,364435.0
2025-06-09,144.81,144.95,143.97,144.59,245242.0
2025-06-10,144.59,145.29,144.4,144.87,295048.0
2025-06-11,144.87,145.46,144.32,144.52,339999.0
2025-06-12,144.52,144.54,143.18,143.48,390014.0
2025-06-13,143.48,144.48,142.79,144.07,474455.0
2025-06-16,143.96,144.88,143.65,144.7,315182.0
2025-06-17,144.7,145.38,144.37,145.25,350019.0
2025-06-18,145.25,145.44,144.33,145.1,334492.0
2025-06-19,145.1,145.77,144.73,145.45,480452.0
2025-06-20,145.45,146.21,145.12,146.06,265766.0
2025-06-23,146.64,148.03,146.01,146.13,424688.0
2025-06-24,146.13,146.17,144.51,144.89,371802.0
2025-06-25,144.89,145.95,144.6,145.16,260833.0
2025-06-26,145.16,145.26,143.75,144.35,358389.0
2025-06-27,144.35,144.94,144.17,144.74,309620.0
2025-06-30,144.29,144.76,143.78,143.97,350387.0
2025-07-01,143.97,144.05,142.68,143.39,697114.0
2025-07-02,143.39,144.24,143.31,143.64,285540.0
2025-07-03,143.64,145.23,143.44,144.91,292694.0
2025-07-04,144.91,144.97,144.18,144.5,199165.0
2025-07-07,144.37,146.24,144.22,146.06,257880.0
2025-07-08,146.06,146.97,145.83,146.53,269890.0
2025-07-09,146.53,147.18,146.25,146.3,230845.0
2025-07-10,146.3,146.79,145.75,146.23,458914.0
2025-07-11,146.23,147.52,146.13,147.41,247207.0
2025-07-14,147.13,147.78,146.85,147.69,241658.0
2025-07-15,147.69,149.02,147.55,148.83,240615.0
2025-07-16,148.83,149.19,146.91,147.87,454920.0
2025-07-17,147.87,149.09,147.73,148.6,612272.0
2025-07-18,148.6,148.89,148.18,148.79,254822.0
2025-07-21,147.89,148.66,147.08,147.37,229520.0
2025-07-22,147.37,147.95,146.31,146.59,225163.0
2025-07-23,146.59,147.21,146.11,146.5,322110.0
2025-07-24,146.5,147.03,145.85,146.99,315127.0
2025-07-25,146.99,147.94,146.81,147.65,331448.0
2025-08-11,147.55,147.79,147.35,147.52,92201.0
2025-08-15,147.75,147.87,147.61,147.61,11941.0
2025-08-21,147.31,148.41,147.25,148.37,495040.0
2025-08-22,148.37,148.78,146.57,146.88,323455.0
2025-08-25,146.77,147.94,146.75,147.77,195163.0
2025-08-26,147.77,147.91,146.99,147.32,312895.0
2025-08-27,147.32,148.19,147.29,147.39,231681.0
2025-08-28,147.39,147.49,146.66,146.93,247041.0
2025-08-29,146.93,147.41,146.76,147.04,253088.0
2025-09-01,147.04,147.38,146.79,147.17,194518.0
2025-09-02,147.17,148.94,147.04,148.36,365372.0
2025-09-03,148.36,149.14,147.88,148.03,293973.0
2025-09-04,148.03,148.78,147.79,148.49,561032.0
2025-09-05,148.49,148.51,146.82,147.35,343633.0
2025-09-08,148.12,148.58,147.34,147.46,268311.0
2025-09-09,147.46,147.52,146.31,147.41,284096.0
2025-09-10,147.41,147.64,147.09,147.46,223806.0
2025-09-11,147.46,148.18,146.99,147.21,253951.0
2025-09-12,147.21,148.07,147.12,147.65,159986.0
2025-09-15,147.65,147.77,147.23,147.35,157453.0
2025-09-16,147.35,147.54,146.28,146.48,238397.0
2025-09-17,146.48,147.05,145.48,146.94,290239.0
2025-09-18,146.94,148.27,146.77,148.0,298483.0
2025-09-19,148.0,148.28,147.19,147.91,230882.0
2025-09-22,147.94,148.38,147.66,147.71,227634.0
2025-09-23,147.71,147.93,147.46,147.64,233857.0
2025-09-24,147.64,148.92,147.51,148.9,186230.0
2025-09-25,148.9,149.93,148.56,149.79,249014.0
2025-09-26,149.79,149.96,149.4,149.47,226576.0
2025-09-29,149.47,149.51,148.47,148.53,236123.0
2025-09-30,148.53,148.84,147.65,147.8,274584.0
2025-10-01,147.8,148.22,146.59,147.04,355248.0
2025-10-02,147.04,147.51,146.6,147.26,241008.0
2025-10-03,147.26,147.82,147.06,147.46,246656.0
2025-10-13,151.73,152.45,151.72,152.27,361805.0
2025-10-14,152.27,152.61,151.6,151.84,425416.0
2025-10-15,151.84,151.87,150.9,151.03,355659.0
2025-10-16,151.03,151.4,150.2,150.42,895158.0
2025-10-17,150.42,150.63,149.37,150.62,549649.0
2025-10-20,150.62,151.2,150.27,150.74,323134.0
2025-10-21,150.74,152.17,150.47,151.93,407704.0
2025-10-22,151.93,152.04,151.49,151.97,361636.0
2025-10-23,151.97,152.8,151.82,152.55,496638.0
2025-10-24,152.55,153.06,152.23,152.87,277936.0
2025-10-27,152.76,153.26,152.56,152.87,284149.0
2025-10-28,152.87,152.87,151.76,152.09,330367.0
2025-10-29,152.09,153.06,151.53,152.72,389851.0
2025-10-30,152.72,154.45,152.16,154.11,845610.0
2025-10-31,154.11,154.41,153.65,154.0,288532.0
2025-11-03,153.95,154.3,153.88,154.22,185205.0
2025-11-04,154.22,154.48,153.31,153.66,298557.0
2025-11-05,153.66,154.35,152.96,154.11,276893.0
2025-11-06,154.11,154.14,152.83,153.06,440010.0
2025-11-07,153.06,153.6,152.81,153.41,307988.0
2025-11-10,153.77,154.25,153.4,154.13,278250.0
2025-11-11,154.13,154.49,153.66,154.14,253073.0
2025-11-12,154.14,155.04,154.04,154.79,230338.0
2025-11-13,154.79,155.02,154.13,154.51,329269.0
2025-11-14,154.51,154.76,153.61,154.52,344984.0
2025-11-17,154.37,155.31,154.37,155.17,237948.0
2025-11-18,155.17,155.73,154.81,155.45,416467.0
2025-11-19,155.45,157.18,155.21,157.14,359692.0
2025-11-20,157.14,157.89,156.87,157.44,900428.0
2025-11-21,157.44,157.54,156.2,156.33,471257.0
2025-11-24,156.37,157.19,156.37,156.91,275724.0
2025-11-25,156.91,156.98,155.8,156.03,311068.0
2025-11-26,156.03,156.74,155.66,156.45,325727.0
2025-11-27,156.45,156.45,155.72,156.28,167633.0
2025-11-28,156.28,156.58,155.98,156.13,592515.0
2025-12-01,156.05,156.15,154.66,155.41,311685.0
2025-12-02,155.41,156.18,155.4,155.86,269038.0
2025-12-03,155.86,155.9,155.01,155.21,255933.0
2025-12-04,155.21,155.54,154.51,155.05,633408.0
2025-12-05,155.05,155.49,154.34,155.34,243216.0
2025-12-08,155.18,155.99,154.9,155.92,263397.0
2025-12-09,155.92,156.95,155.74,156.81,273304.0
2025-12-10,156.81,156.94,155.79,156.0,268828.0
2025-12-11,156.0,156.16,154.94,155.58,593612.0
2025-12-12,155.58,156.13,155.45,155.8,243886.0
2025-12-15,155.67,155.99,154.83,155.21,222149.0
2025-12-16,155.21,155.24,154.39,154.69,350501.0
2025-12-17,154.69,155.75,154.51,155.64,267184.0
2025-12-18,155.64,155.98,155.28,155.45,560038.0
2025-12-19,155.45,157.76,155.45,157.7,297199.0
2025-12-22,157.68,157.71,156.7,157.02,226365.0
2025-12-23,157.02,157.04,155.65,156.21,243390.0
2025-12-24,156.21,156.28,155.55,155.97,237360.0
2025-12-26,155.97,156.73,155.97,156.5,165273.0
2025-12-29,156.5,156.53,155.91,156.03,221272.0
2025-12-30,156.03,156.57,155.74,156.33,222383.0
2025-12-31,156.33,157.0,156.3,156.85,219881.0
2026-01-02,156.85,157.0,156.56,156.81,151321.0
2026-01-05,156.7,157.3,156.12,156.34,264259.0
2026-01-06,156.34,156.8,156.16,156.6,219156.0
2026-01-07,156.6,156.81,156.29,156.74,180139.0
2026-01-08,156.74,157.07,156.46,156.83,156384.0
2026-01-09,156.83,158.19,156.76,157.92,221814.0
2026-01-12,158.07,158.21,157.51,158.13,188204.0
2026-01-13,158.13,159.19,157.89,159.06,208766.0
2026-01-14,159.06,159.45,158.09,158.43,269810.0
2026-01-15,158.43,158.88,158.18,158.63,252024.0
2026-01-16,158.63,158.7,157.82,158.07,223118.0
2026-01-19,157.76,158.16,157.43,158.13,174546.0
2026-01-20,158.13,158.6,157.46,158.11,324320.0
2026-01-21,158.11,158.53,157.75,158.24,305242.0
2026-01-22,158.24,158.89,158.18,158.34,231574.0
2026-01-23,158.34,159.22,155.62,155.74,367530.0
